Subscription;Name;Phone;Email
7708;John Doe;555-555-5555;john.doe@example.com
8224;Bob Johnson;555-555-5555;bob.johnson@example.com
8208;Jane Smith;555-555-5555;jane.smith@example.com
7708;John Doe;555-555-5555;john.doe@example.com
8224;Bernard Johnson;555-555-5555;bernard.johnson@example.com
7708;Livia Doe;555-555-5555;livia.doe@example.com
8224;Dan Johnson;555-555-5555;dan.johnson@example.com
8208;Janeth Smith;555-555-5555;janeth.smith@example.com
7708;Johnny Doe;555-555-5555;johnny.doe@example.com
8224;Ben Johnson;555-555-5555;ben.johnson@example.com