Subscription;Name;Business Phone;Cell Phone;Email
7708;John Doe;555-555-5555;john.doe@example.com
8208;Jane Smith;555-555-5555;jane.smith@example.com
8224;Bob Johnson;555-555-5555;bob.johnson@example.com
8254;Alice Davis;555-555-5555;alice.davis@example.com
8293;Charlie Brown;555-555-5555;charlie.brown@example.com
8319;Eve Johnson;555-555-5555;eve.johnson@example.com
8378;Alex White;555-555-5555;alex.white@example.com
8401;Laura Lee;555-555-5555;laura.lee@example.com
8410;David Robinson;555-555-5555;david.robinson@example.com
8427;Sophie Turner;555-555-5555;sophie.turner@example.com
0000;Placeholder;555-555-5555;placeholder@example.com
8439;Emma Watson;555-555-5555;emma.watson@example.com